<?xml version="1.0" encoding="UTF-8"?>
<beans xmlns="http://www.springframework.org/schema/beans"
	xmlns:xsi="http://www.w3.org/2001/XMLSchema-instance" xmlns:context="http://www.springframework.org/schema/context"
	xmlns:tx="http://www.springframework.org/schema/tx" xmlns:p="http://www.springframework.org/schema/p"
	xsi:schemaLocation="http://www.springframework.org/schema/beans
    http://www.springframework.org/schema/beans/spring-beans-3.0.xsd
    http://www.springframework.org/schema/context
    http://www.springframework.org/schema/context/spring-context-3.0.xsd 
    http://www.springframework.org/schema/tx 
    http://www.springframework.org/schema/tx/spring-tx.xsd">

	<tx:annotation-driven />

	<!-- <context:component-scan base-package="com.services.core.data.dao" /> -->
	
	<bean id="blobDAO" class="com.services.core.data.dao.impl.BlobDAOImpl" lazy-init="true"/>
	<bean id="storeDAO" class="com.services.core.data.dao.impl.EmployeeDAOImpl" lazy-init="true"/>
	<bean id="employeeDAO" class="com.services.core.data.dao.impl.StoreDAOImpl" lazy-init="true"/>
	<bean id="meetingDAO" class="com.services.core.data.dao.impl.MeetingDAOImpl" lazy-init="true"/>
	
	<!-- <context:component-scan base-package="com.services.core.data.mgr" /> -->
	<bean id="dataService" class="com.services.core.data.mgr.impl.DataManagerImpl" lazy-init="true"/>
	
	
	<!-- <context:component-scan base-package="com.services.core.security" /> -->
	<bean id="customUserDetailsService" class="com.services.core.security.CustomUserDetailsService" lazy-init="true"/>
	<bean id="securtiyLoginFailureHandler" class="com.services.core.security.SecurityLoginFailureHandler" lazy-init="true"/>
	<bean id="securtiyLoginSuccessHandler" class="com.services.core.security.SecurityLoginSuccessHandler" lazy-init="true"/>
	
	
	<!-- class="org.apache.commons.dbcp.BasicDataSource" <bean id="dataSource" 
		class="com.mchange.v2.c3p0.ComboPooledDataSource" destroy-method="close"> 
		<property name="driverClass" value="com.mysql.jdbc.Driver" /> <property name="jdbcUrl" 
		value="jdbc:mysql://localhost:3306/controlcenter" /> <property name="user" 
		value="root" /> <property name="password" value="password" /> <property name="acquireIncrement" 
		value="3" /> <property name="minPoolSize" value="5" /> <property name="maxPoolSize" 
		value="20" /> <property name="maxIdleTime" value="600" /> </bean> -->

	<!-- DEV APP ENGINE Instance
	<bean id="dataSource"
		class="org.springframework.jdbc.datasource.DriverManagerDataSource">
		<property name="driverClassName"
			value="com.google.appengine.api.rdbms.AppEngineDriver" />
		<property name="url"
			value="jdbc:google:rdbms://bhanutestinstance:bhanucloudinstance/greekapp" />
		<property name="username" value="root" />
		<property name="password" value="" /> 
	</bean>-->
	
	<!-- PROD APP ENGINE Instance-->
	<bean id="dataSource"
		class="org.springframework.jdbc.datasource.DriverManagerDataSource">
		<property name="driverClassName"
			value="com.google.appengine.api.rdbms.AppEngineDriver" />
		<property name="url"
			value="jdbc:google:rdbms://gscontrolcenter:gscontrolcenterdb/gscontrolcenterdbschema" />
		<property name="username" value="root" />
		<property name="password" value="" /> 
	</bean> 


	<!-- Local DEV Instance 
	<bean id="dataSource" class="org.springframework.jdbc.datasource.DriverManagerDataSource" lazy-init="true"> 
		<property name="driverClassName" value="com.google.appengine.api.rdbms.AppEngineDriver" 
		/> <property name="url" value="jdbc:mysql://localhost:3306/controlcenter" 
		/> <property name="username" value="root" /> <property name="password" value="password" 
		/> </bean>  -->
	<bean id="sessionFactory"
		class="org.springframework.orm.hibernate4.LocalSessionFactoryBean" lazy-init="true">
		<property name="dataSource" ref="dataSource"></property>
		<property name="configLocation">
            <value>classpath:hibernate.cfg.xml</value>
        </property>
        <!-- <property name="configurationClass">
            <value>org.hibernate.cfg.AnnotationConfiguration</value>
        </property> -->
		
		<property name="hibernateProperties">
			<props>
				<prop key="hibernate.dialect">org.hibernate.dialect.MySQL5Dialect</prop>
				<prop key="hibernate.show_sql">false</prop>
				<prop key="hibernate.hbm2ddl.auto">none</prop>
			</props>
		</property>
		
		<!-- <property name="packagesToScan" value="com.services.core.data.model" /> -->
		<!-- <property name="hibernate.query.substitutions">
			<props>
				<prop key="true">'Y'</prop>
				<prop key="false">'N'</prop>
			</props>
		</property> -->
	</bean>

	<bean id="transactionManager"
		class="org.springframework.orm.hibernate4.HibernateTransactionManager"
		p:sessionFactory-ref="sessionFactory" lazy-init="true">
	</bean>

</beans>